Ref,Val,Package,PosX,PosY,Rot,Side
"C1","6.3V 1000uF","C_Radial_D6.3mm_H11.0mm_P2.50mm",164.395298,-95.911609,180.000000,bottom
"D1","1N4148","Diode_DO-35",157.145298,-126.217732,-90.000000,bottom
"D2","1N4148","Diode_DO-35",158.645298,-185.009825,90.000000,bottom
"KC1","104","C_Disc_D4.7mm_W2.5mm_P5.00mm",44.316100,-207.921200,-179.500000,bottom
"KC2","104","C_Disc_D4.7mm_W2.5mm_P5.00mm",38.721300,-169.868600,-179.500000,bottom
"KC3","104","C_Disc_D4.7mm_W2.5mm_P5.00mm",43.651200,-131.724100,-179.500000,bottom
"KC4","104","C_Disc_D4.7mm_W2.5mm_P5.00mm",63.365400,-207.755000,-179.500000,bottom
"KC5","104","C_Disc_D4.7mm_W2.5mm_P5.00mm",63.032900,-169.656400,-179.500000,bottom
"KC6","104","C_Disc_D4.7mm_W2.5mm_P5.00mm",62.700400,-131.557900,-179.500000,bottom
"KC7","104","C_Disc_D4.7mm_W2.5mm_P5.00mm",82.252400,-205.632400,179.500000,bottom
"KC8","104","C_Disc_D4.7mm_W2.5mm_P5.00mm",82.584800,-167.533900,179.500000,bottom
"KC9","104","C_Disc_D4.7mm_W2.5mm_P5.00mm",82.917300,-129.435300,179.500000,bottom
"KC10","104","C_Disc_D4.7mm_W2.5mm_P5.00mm",101.164800,-204.839800,178.500000,bottom
"KC11","104","C_Disc_D4.7mm_W2.5mm_P5.00mm",102.162100,-166.752900,178.500000,bottom
"KC12","104","C_Disc_D4.7mm_W2.5mm_P5.00mm",103.159400,-128.665900,178.500000,bottom
"KC13","104","C_Disc_D4.7mm_W2.5mm_P5.00mm",121.697700,-168.312900,177.500000,bottom
"KC14","104","C_Disc_D4.7mm_W2.5mm_P5.00mm",123.359600,-130.249200,177.500000,bottom
"KC15","104","C_Disc_D4.7mm_W2.5mm_P5.00mm",137.521800,-207.394700,177.250000,bottom
"KC16","104","C_Disc_D4.7mm_W2.5mm_P5.00mm",140.848000,-169.410500,177.250000,bottom
"KC17","104","C_Disc_D4.7mm_W2.5mm_P5.00mm",142.676000,-131.354400,177.250000,bottom
"KC18","104","C_Disc_D4.7mm_W2.5mm_P5.00mm",193.763100,-207.146100,-177.250000,bottom
"KC19","104","C_Disc_D4.7mm_W2.5mm_P5.00mm",190.436800,-169.162000,-177.250000,bottom
"KC20","104","C_Disc_D4.7mm_W2.5mm_P5.00mm",188.608900,-131.105800,-177.250000,bottom
"KC21","104","C_Disc_D4.7mm_W2.5mm_P5.00mm",209.452900,-167.998300,-177.250000,bottom
"KC22","104","C_Disc_D4.7mm_W2.5mm_P5.00mm",207.624900,-129.942200,-177.250000,bottom
"KC23","104","C_Disc_D4.7mm_W2.5mm_P5.00mm",230.117900,-204.190900,-178.250000,bottom
"KC24","104","C_Disc_D4.7mm_W2.5mm_P5.00mm",228.954400,-166.108600,-178.250000,bottom
"KC25","104","C_Disc_D4.7mm_W2.5mm_P5.00mm",227.790900,-128.026400,-178.250000,bottom
"KC26","104","C_Disc_D4.7mm_W2.5mm_P5.00mm",249.045700,-204.655400,-179.250000,bottom
"KC27","104","C_Disc_D4.7mm_W2.5mm_P5.00mm",248.547000,-166.558700,-179.250000,bottom
"KC28","104","C_Disc_D4.7mm_W2.5mm_P5.00mm",248.048300,-128.461900,-179.250000,bottom
"KC29","104","C_Disc_D4.7mm_W2.5mm_P5.00mm",267.975600,-206.450100,179.750000,bottom
"KC30","104","C_Disc_D4.7mm_W2.5mm_P5.00mm",268.141800,-168.350500,179.750000,bottom
"KC31","104","C_Disc_D4.7mm_W2.5mm_P5.00mm",268.308100,-130.250900,179.750000,bottom
"KC32","104","C_Disc_D4.7mm_W2.5mm_P5.00mm",287.025400,-206.533300,179.750000,bottom
"KC33","104","C_Disc_D4.7mm_W2.5mm_P5.00mm",287.191600,-168.433600,179.750000,bottom
"KC34","104","C_Disc_D4.7mm_W2.5mm_P5.00mm",287.357900,-130.334000,179.750000,bottom
"KC35","104","C_Disc_D4.7mm_W2.5mm_P5.00mm",311.603900,-168.540200,179.750000,bottom
"KC36","104","C_Disc_D4.7mm_W2.5mm_P5.00mm",306.407700,-130.417100,179.750000,bottom
"KC37","104","C_Disc_D4.7mm_W2.5mm_P5.00mm",330.820000,-130.523600,179.750000,bottom
"KC38","104","C_Disc_D4.7mm_W2.5mm_P5.00mm",344.943700,-211.987100,-132.250000,bottom
"KC39","104","C_Disc_D4.7mm_W2.5mm_P5.00mm",357.752300,-197.885900,-132.250000,bottom
"KC40","104","C_Disc_D4.7mm_W2.5mm_P5.00mm",373.763000,-180.259500,-132.250000,bottom
"KC41","104","C_Disc_D4.7mm_W2.5mm_P5.00mm",386.571600,-166.158300,-132.250000,bottom
"KC42","104","C_Disc_D4.7mm_W2.5mm_P5.00mm",373.082100,-130.708000,179.750000,bottom
"KC43","104","C_Disc_D4.7mm_W2.5mm_P5.00mm",392.131900,-130.791200,179.750000,bottom
"KC44","104","C_Disc_D4.7mm_W2.5mm_P5.00mm",33.887800,-188.961500,0.500000,bottom
"KC45","104","C_Disc_D4.7mm_W2.5mm_P5.00mm",33.555300,-150.862900,0.500000,bottom
"KC46","104","C_Disc_D4.7mm_W2.5mm_P5.00mm",38.485100,-112.718500,0.500000,bottom
"KC47","104","C_Disc_D4.7mm_W2.5mm_P5.00mm",58.199300,-188.749300,0.500000,bottom
"KC48","104","C_Disc_D4.7mm_W2.5mm_P5.00mm",57.866900,-150.650800,0.500000,bottom
"KC49","104","C_Disc_D4.7mm_W2.5mm_P5.00mm",77.418800,-186.539500,-0.500000,bottom
"KC50","104","C_Disc_D4.7mm_W2.5mm_P5.00mm",77.751300,-148.441000,-0.500000,bottom
"KC51","104","C_Disc_D4.7mm_W2.5mm_P5.00mm",78.083700,-110.342400,-0.500000,bottom
"KC52","104","C_Disc_D4.7mm_W2.5mm_P5.00mm",96.665100,-185.665400,-1.500000,bottom
"KC53","104","C_Disc_D4.7mm_W2.5mm_P5.00mm",97.662500,-147.578500,-1.500000,bottom
"KC54","104","C_Disc_D4.7mm_W2.5mm_P5.00mm",98.659800,-109.491500,-1.500000,bottom
"KC55","104","C_Disc_D4.7mm_W2.5mm_P5.00mm",115.871500,-187.126700,-2.500000,bottom
"KC56","104","C_Disc_D4.7mm_W2.5mm_P5.00mm",117.533400,-149.063000,-2.500000,bottom
"KC57","104","C_Disc_D4.7mm_W2.5mm_P5.00mm",119.195300,-110.999200,-2.500000,bottom
"KC58","104","C_Disc_D4.7mm_W2.5mm_P5.00mm",134.939800,-188.198700,-2.750000,bottom
"KC59","104","C_Disc_D4.7mm_W2.5mm_P5.00mm",136.767800,-150.142500,-2.750000,bottom
"KC60","104","C_Disc_D4.7mm_W2.5mm_P5.00mm",138.595700,-112.086400,-2.750000,bottom
"KC61","104","C_Disc_D4.7mm_W2.5mm_P5.00mm",186.356600,-188.429900,2.750000,bottom
"KC62","104","C_Disc_D4.7mm_W2.5mm_P5.00mm",184.528600,-150.373800,2.750000,bottom
"KC63","104","C_Disc_D4.7mm_W2.5mm_P5.00mm",182.700600,-112.317700,2.750000,bottom
"KC64","104","C_Disc_D4.7mm_W2.5mm_P5.00mm",205.372600,-187.266200,2.750000,bottom
"KC65","104","C_Disc_D4.7mm_W2.5mm_P5.00mm",203.544700,-149.210100,2.750000,bottom
"KC66","104","C_Disc_D4.7mm_W2.5mm_P5.00mm",201.716700,-111.154000,2.750000,bottom
"KC67","104","C_Disc_D4.7mm_W2.5mm_P5.00mm",224.538500,-185.302400,1.750000,bottom
"KC68","104","C_Disc_D4.7mm_W2.5mm_P5.00mm",223.375000,-147.220200,1.750000,bottom
"KC69","104","C_Disc_D4.7mm_W2.5mm_P5.00mm",222.211400,-109.138000,1.750000,bottom
"KC70","104","C_Disc_D4.7mm_W2.5mm_P5.00mm",243.796800,-185.672500,0.750000,bottom
"KC71","104","C_Disc_D4.7mm_W2.5mm_P5.00mm",243.298000,-147.575800,0.750000,bottom
"KC72","104","C_Disc_D4.7mm_W2.5mm_P5.00mm",242.799300,-109.479000,0.750000,bottom
"KC73","104","C_Disc_D4.7mm_W2.5mm_P5.00mm",263.058700,-187.378500,-0.250000,bottom
"KC74","104","C_Disc_D4.7mm_W2.5mm_P5.00mm",263.225000,-149.278900,-0.250000,bottom
"KC75","104","C_Disc_D4.7mm_W2.5mm_P5.00mm",287.471000,-187.485000,-0.250000,bottom
"KC76","104","C_Disc_D4.7mm_W2.5mm_P5.00mm",282.274800,-149.362000,-0.250000,bottom
"KC77","104","C_Disc_D4.7mm_W2.5mm_P5.00mm",282.441000,-111.262400,-0.250000,bottom
"KC78","104","C_Disc_D4.7mm_W2.5mm_P5.00mm",301.324600,-149.445100,-0.250000,bottom
"KC79","104","C_Disc_D4.7mm_W2.5mm_P5.00mm",301.490900,-111.345500,-0.250000,bottom
"KC80","104","C_Disc_D4.7mm_W2.5mm_P5.00mm",320.374400,-149.528200,-0.250000,bottom
"KC81","104","C_Disc_D4.7mm_W2.5mm_P5.00mm",320.540700,-111.428600,-0.250000,bottom
"KC82","104","C_Disc_D4.7mm_W2.5mm_P5.00mm",339.590500,-111.511700,-0.250000,bottom
"KC83","104","C_Disc_D4.7mm_W2.5mm_P5.00mm",327.480700,-202.879600,47.750000,bottom
"KC84","104","C_Disc_D4.7mm_W2.5mm_P5.00mm",340.289300,-188.778400,47.750000,bottom
"KC85","104","C_Disc_D4.7mm_W2.5mm_P5.00mm",356.300000,-171.152000,47.750000,bottom
"KC86","104","C_Disc_D4.7mm_W2.5mm_P5.00mm",369.108600,-157.050800,47.750000,bottom
"KC87","104","C_Disc_D4.7mm_W2.5mm_P5.00mm",368.165200,-111.636400,-0.250000,bottom
"KC88","104","C_Disc_D4.7mm_W2.5mm_P5.00mm",387.215000,-111.719500,-0.250000,bottom
"KD1","1N4148","Diode_DO-35",50.198400,-191.544200,-89.500000,bottom
"KD2","1N4148","Diode_DO-35",44.603600,-153.491600,-89.500000,bottom
"KD3","1N4148","Diode_DO-35",49.533500,-115.347100,-89.500000,bottom
"KD4","1N4148","Diode_DO-35",69.247700,-191.378000,-89.500000,bottom
"KD5","1N4148","Diode_DO-35",68.915200,-153.279400,-89.500000,bottom
"KD6","1N4148","Diode_DO-35",68.582700,-115.180900,-89.500000,bottom
"KD7","1N4148","Diode_DO-35",88.419600,-189.360600,-90.500000,bottom
"KD8","1N4148","Diode_DO-35",88.752100,-151.262100,-90.500000,bottom
"KD9","1N4148","Diode_DO-35",89.084500,-113.163500,-90.500000,bottom
"KD10","1N4148","Diode_DO-35",107.615000,-188.678100,-91.500000,bottom
"KD11","1N4148","Diode_DO-35",108.612400,-150.591200,-91.500000,bottom
"KD12","1N4148","Diode_DO-35",109.609700,-112.504200,-91.500000,bottom
"KD13","1N4148","Diode_DO-35",128.429000,-152.266300,-92.500000,bottom
"KD14","1N4148","Diode_DO-35",130.090900,-114.202500,-92.500000,bottom
"KD15","1N4148","Diode_DO-35",144.323100,-191.377500,-92.750000,bottom
"KD16","1N4148","Diode_DO-35",147.649300,-153.393400,-92.750000,bottom
"KD17","1N4148","Diode_DO-35",149.477300,-115.337200,-92.750000,bottom
"KD18","1N4148","Diode_DO-35",198.997900,-190.550900,-87.250000,bottom
"KD19","1N4148","Diode_DO-35",195.671600,-152.566700,-87.250000,bottom
"KD20","1N4148","Diode_DO-35",193.843700,-114.510600,-87.250000,bottom
"KD21","1N4148","Diode_DO-35",214.687700,-151.403000,-87.250000,bottom
"KD22","1N4148","Diode_DO-35",212.859700,-113.346900,-87.250000,bottom
"KD23","1N4148","Diode_DO-35",235.641600,-187.689500,-88.250000,bottom
"KD24","1N4148","Diode_DO-35",234.478000,-149.607200,-88.250000,bottom
"KD25","1N4148","Diode_DO-35",233.314500,-111.525000,-88.250000,bottom
"KD26","1N4148","Diode_DO-35",254.856500,-188.252900,-89.250000,bottom
"KD27","1N4148","Diode_DO-35",254.357800,-150.156200,-89.250000,bottom
"KD28","1N4148","Diode_DO-35",253.859100,-112.059500,-89.250000,bottom
"KD29","1N4148","Diode_DO-35",274.071700,-190.151600,-90.250000,bottom
"KD30","1N4148","Diode_DO-35",274.238000,-152.052000,-90.250000,bottom
"KD31","1N4148","Diode_DO-35",274.404200,-113.952300,-90.250000,bottom
"KD32","1N4148","Diode_DO-35",293.121600,-190.234700,-90.250000,bottom
"KD33","1N4148","Diode_DO-35",293.287800,-152.135100,-90.250000,bottom
"KD34","1N4148","Diode_DO-35",293.454000,-114.035400,-90.250000,bottom
"KD35","1N4148","Diode_DO-35",317.700100,-152.241600,-90.250000,bottom
"KD36","1N4148","Diode_DO-35",312.503900,-114.118600,-90.250000,bottom
"KD37","1N4148","Diode_DO-35",336.916100,-114.225100,-90.250000,bottom
"KD38","1N4148","Diode_DO-35",336.910600,-196.550900,-42.250000,bottom
"KD39","1N4148","Diode_DO-35",349.719200,-182.449700,-42.250000,bottom
"KD40","1N4148","Diode_DO-35",365.730000,-164.823300,-42.250000,bottom
"KD41","1N4148","Diode_DO-35",378.538500,-150.722100,-42.250000,bottom
"KD42","1N4148","Diode_DO-35",379.178200,-114.409500,-90.250000,bottom
"KD43","1N4148","Diode_DO-35",398.228000,-114.492600,-90.250000,bottom
"KD44","1N4148","Diode_DO-35",44.769900,-172.540900,-89.500000,bottom
"KD45","1N4148","Diode_DO-35",44.437400,-134.442300,-89.500000,bottom
"KD46","1N4148","Diode_DO-35",49.367200,-96.297900,-89.500000,bottom
"KD47","1N4148","Diode_DO-35",69.081500,-172.328700,-89.500000,bottom
"KD48","1N4148","Diode_DO-35",68.749000,-134.230200,-89.500000,bottom
"KD49","1N4148","Diode_DO-35",88.585800,-170.311300,-90.500000,bottom
"KD50","1N4148","Diode_DO-35",88.918300,-132.212800,-90.500000,bottom
"KD51","1N4148","Diode_DO-35",89.250800,-94.114200,-90.500000,bottom
"KD52","1N4148","Diode_DO-35",108.113700,-169.634600,-91.500000,bottom
"KD53","1N4148","Diode_DO-35",109.111000,-131.547700,-91.500000,bottom
"KD54","1N4148","Diode_DO-35",110.108400,-93.460700,-91.500000,bottom
"KD55","1N4148","Diode_DO-35",127.598100,-171.298100,-92.500000,bottom
"KD56","1N4148","Diode_DO-35",129.260000,-133.234400,-92.500000,bottom
"KD57","1N4148","Diode_DO-35",130.921900,-95.170700,-92.500000,bottom
"KD58","1N4148","Diode_DO-35",146.735300,-172.421400,-92.750000,bottom
"KD59","1N4148","Diode_DO-35",148.563300,-134.365300,-92.750000,bottom
"KD60","1N4148","Diode_DO-35",150.391300,-96.309200,-92.750000,bottom
"KD61","1N4148","Diode_DO-35",196.585600,-171.594800,-87.250000,bottom
"KD62","1N4148","Diode_DO-35",194.757700,-133.538600,-87.250000,bottom
"KD63","1N4148","Diode_DO-35",192.929700,-95.482500,-87.250000,bottom
"KD64","1N4148","Diode_DO-35",215.601700,-170.431100,-87.250000,bottom
"KD65","1N4148","Diode_DO-35",213.773700,-132.374900,-87.250000,bottom
"KD66","1N4148","Diode_DO-35",211.945800,-94.318800,-87.250000,bottom
"KD67","1N4148","Diode_DO-35",235.059800,-168.648400,-88.250000,bottom
"KD68","1N4148","Diode_DO-35",233.896300,-130.566100,-88.250000,bottom
"KD69","1N4148","Diode_DO-35",232.732800,-92.483900,-88.250000,bottom
"KD70","1N4148","Diode_DO-35",254.607100,-169.204600,-89.250000,bottom
"KD71","1N4148","Diode_DO-35",254.108400,-131.107800,-89.250000,bottom
"KD72","1N4148","Diode_DO-35",253.609700,-93.011100,-89.250000,bottom
"KD73","1N4148","Diode_DO-35",274.154900,-171.101800,-90.250000,bottom
"KD74","1N4148","Diode_DO-35",274.321100,-133.002100,-90.250000,bottom
"KD75","1N4148","Diode_DO-35",298.567100,-171.208300,-90.250000,bottom
"KD76","1N4148","Diode_DO-35",293.370900,-133.085300,-90.250000,bottom
"KD77","1N4148","Diode_DO-35",293.537200,-94.985600,-90.250000,bottom
"KD78","1N4148","Diode_DO-35",312.420700,-133.168400,-90.250000,bottom
"KD79","1N4148","Diode_DO-35",312.587000,-95.068700,-90.250000,bottom
"KD80","1N4148","Diode_DO-35",331.470600,-133.251500,-90.250000,bottom
"KD81","1N4148","Diode_DO-35",331.636800,-95.151900,-90.250000,bottom
"KD82","1N4148","Diode_DO-35",350.686600,-95.235000,-90.250000,bottom
"KD83","1N4148","Diode_DO-35",322.809500,-183.742300,-42.250000,bottom
"KD84","1N4148","Diode_DO-35",335.618100,-169.641100,-42.250000,bottom
"KD85","1N4148","Diode_DO-35",351.628800,-152.014700,-42.250000,bottom
"KD86","1N4148","Diode_DO-35",364.437400,-137.913500,-42.250000,bottom
"KD87","1N4148","Diode_DO-35",379.261300,-95.359700,-90.250000,bottom
"KD88","1N4148","Diode_DO-35",398.311200,-95.442800,-90.250000,bottom
"KLED1","SK6812mini-e","led_SK6812mini-e",41.787100,-204.603100,0.500000,bottom
"KLED2","SK6812mini-e","led_SK6812mini-e",36.192300,-166.550500,0.500000,bottom
"KLED3","SK6812mini-e","led_SK6812mini-e",41.122100,-128.406000,0.500000,bottom
"KLED4","SK6812mini-e","led_SK6812mini-e",60.836300,-204.436900,0.500000,bottom
"KLED5","SK6812mini-e","led_SK6812mini-e",60.503900,-166.338300,0.500000,bottom
"KLED6","SK6812mini-e","led_SK6812mini-e",60.171400,-128.239800,0.500000,bottom
"KLED7","SK6812mini-e","led_SK6812mini-e",79.781600,-202.270700,-0.500000,bottom
"KLED8","SK6812mini-e","led_SK6812mini-e",80.114100,-164.172200,-0.500000,bottom
"KLED9","SK6812mini-e","led_SK6812mini-e",80.446600,-126.073600,-0.500000,bottom
"KLED10","SK6812mini-e","led_SK6812mini-e",98.753000,-201.435500,-1.500000,bottom
"KLED11","SK6812mini-e","led_SK6812mini-e",99.750400,-163.348600,-1.500000,bottom
"KLED12","SK6812mini-e","led_SK6812mini-e",100.747700,-125.261600,-1.500000,bottom
"KLED13","SK6812mini-e","led_SK6812mini-e",119.345700,-164.867100,-2.500000,bottom
"KLED14","SK6812mini-e","led_SK6812mini-e",121.007600,-126.803300,-2.500000,bottom
"KLED15","SK6812mini-e","led_SK6812mini-e",135.184900,-203.938600,-2.750000,bottom
"KLED16","SK6812mini-e","led_SK6812mini-e",138.511100,-165.954400,-2.750000,bottom
"KLED17","SK6812mini-e","led_SK6812mini-e",140.339100,-127.898300,-2.750000,bottom
"KLED18","SK6812mini-e","led_SK6812mini-e",191.105700,-203.929900,2.750000,bottom
"KLED19","SK6812mini-e","led_SK6812mini-e",187.779500,-165.945800,2.750000,bottom
"KLED20","SK6812mini-e","led_SK6812mini-e",185.951500,-127.889600,2.750000,bottom
"KLED21","SK6812mini-e","led_SK6812mini-e",206.795500,-164.782100,2.750000,bottom
"KLED22","SK6812mini-e","led_SK6812mini-e",204.967600,-126.725900,2.750000,bottom
"KLED23","SK6812mini-e","led_SK6812mini-e",227.517100,-200.928800,1.750000,bottom
"KLED24","SK6812mini-e","led_SK6812mini-e",226.353600,-162.846500,1.750000,bottom
"KLED25","SK6812mini-e","led_SK6812mini-e",225.190000,-124.764300,1.750000,bottom
"KLED26","SK6812mini-e","led_SK6812mini-e",246.502200,-201.348400,0.750000,bottom
"KLED27","SK6812mini-e","led_SK6812mini-e",246.003500,-163.251700,0.750000,bottom
"KLED28","SK6812mini-e","led_SK6812mini-e",245.504800,-125.154900,0.750000,bottom
"KLED29","SK6812mini-e","led_SK6812mini-e",265.490200,-203.099300,-0.250000,bottom
"KLED30","SK6812mini-e","led_SK6812mini-e",265.656400,-164.999600,-0.250000,bottom
"KLED31","SK6812mini-e","led_SK6812mini-e",265.822600,-126.900000,-0.250000,bottom
"KLED32","SK6812mini-e","led_SK6812mini-e",284.540000,-203.182400,-0.250000,bottom
"KLED33","SK6812mini-e","led_SK6812mini-e",284.706200,-165.082800,-0.250000,bottom
"KLED34","SK6812mini-e","led_SK6812mini-e",284.872500,-126.983100,-0.250000,bottom
"KLED35","SK6812mini-e","led_SK6812mini-e",309.118500,-165.189300,-0.250000,bottom
"KLED36","SK6812mini-e","led_SK6812mini-e",303.922300,-127.066200,-0.250000,bottom
"KLED37","SK6812mini-e","led_SK6812mini-e",328.334600,-127.172800,-0.250000,bottom
"KLED38","SK6812mini-e","led_SK6812mini-e",340.790400,-211.591900,47.750000,bottom
"KLED39","SK6812mini-e","led_SK6812mini-e",353.599000,-197.490700,47.750000,bottom
"KLED40","SK6812mini-e","led_SK6812mini-e",369.609800,-179.864300,47.750000,bottom
"KLED41","SK6812mini-e","led_SK6812mini-e",382.418300,-165.763100,47.750000,bottom
"KLED42","SK6812mini-e","led_SK6812mini-e",370.596700,-127.357200,-0.250000,bottom
"KLED43","SK6812mini-e","led_SK6812mini-e",389.646500,-127.440300,-0.250000,bottom
"KLED44","SK6812mini-e","led_SK6812mini-e",36.358500,-185.599800,-179.500000,bottom
"KLED45","SK6812mini-e","led_SK6812mini-e",36.026000,-147.501200,-179.500000,bottom
"KLED46","SK6812mini-e","led_SK6812mini-e",40.955900,-109.356800,-179.500000,bottom
"KLED47","SK6812mini-e","led_SK6812mini-e",60.670100,-185.387600,-179.500000,bottom
"KLED48","SK6812mini-e","led_SK6812mini-e",60.337600,-147.289100,-179.500000,bottom
"KLED49","SK6812mini-e","led_SK6812mini-e",79.947800,-183.221500,179.500000,bottom
"KLED50","SK6812mini-e","led_SK6812mini-e",80.280300,-145.122900,179.500000,bottom
"KLED51","SK6812mini-e","led_SK6812mini-e",80.612800,-107.024400,179.500000,bottom
"KLED52","SK6812mini-e","led_SK6812mini-e",99.251700,-182.392000,178.500000,bottom
"KLED53","SK6812mini-e","led_SK6812mini-e",100.249100,-144.305100,178.500000,bottom
"KLED54","SK6812mini-e","led_SK6812mini-e",101.246400,-106.218100,178.500000,bottom
"KLED55","SK6812mini-e","led_SK6812mini-e",118.514800,-183.898900,177.500000,bottom
"KLED56","SK6812mini-e","led_SK6812mini-e",120.176700,-145.835200,177.500000,bottom
"KLED57","SK6812mini-e","led_SK6812mini-e",121.838600,-107.771500,177.500000,bottom
"KLED58","SK6812mini-e","led_SK6812mini-e",137.597200,-184.982500,177.250000,bottom
"KLED59","SK6812mini-e","led_SK6812mini-e",139.425100,-146.926300,177.250000,bottom
"KLED60","SK6812mini-e","led_SK6812mini-e",141.253100,-108.870200,177.250000,bottom
"KLED61","SK6812mini-e","led_SK6812mini-e",188.693400,-184.973800,-177.250000,bottom
"KLED62","SK6812mini-e","led_SK6812mini-e",186.865500,-146.917700,-177.250000,bottom
"KLED63","SK6812mini-e","led_SK6812mini-e",185.037500,-108.861600,-177.250000,bottom
"KLED64","SK6812mini-e","led_SK6812mini-e",207.709500,-183.810100,-177.250000,bottom
"KLED65","SK6812mini-e","led_SK6812mini-e",205.881500,-145.754000,-177.250000,bottom
"KLED66","SK6812mini-e","led_SK6812mini-e",204.053600,-107.697900,-177.250000,bottom
"KLED67","SK6812mini-e","led_SK6812mini-e",226.935300,-181.887600,-178.250000,bottom
"KLED68","SK6812mini-e","led_SK6812mini-e",225.771800,-143.805400,-178.250000,bottom
"KLED69","SK6812mini-e","led_SK6812mini-e",224.608300,-105.723200,-178.250000,bottom
"KLED70","SK6812mini-e","led_SK6812mini-e",246.252800,-182.300100,-179.250000,bottom
"KLED71","SK6812mini-e","led_SK6812mini-e",245.754100,-144.203300,-179.250000,bottom
"KLED72","SK6812mini-e","led_SK6812mini-e",245.255400,-106.106600,-179.250000,bottom
"KLED73","SK6812mini-e","led_SK6812mini-e",265.573300,-184.049500,179.750000,bottom
"KLED74","SK6812mini-e","led_SK6812mini-e",265.739500,-145.949800,179.750000,bottom
"KLED75","SK6812mini-e","led_SK6812mini-e",289.985600,-184.156000,179.750000,bottom
"KLED76","SK6812mini-e","led_SK6812mini-e",284.789300,-146.032900,179.750000,bottom
"KLED77","SK6812mini-e","led_SK6812mini-e",284.955600,-107.933300,179.750000,bottom
"KLED78","SK6812mini-e","led_SK6812mini-e",303.839200,-146.116100,179.750000,bottom
"KLED79","SK6812mini-e","led_SK6812mini-e",304.005400,-108.016400,179.750000,bottom
"KLED80","SK6812mini-e","led_SK6812mini-e",322.889000,-146.199200,179.750000,bottom
"KLED81","SK6812mini-e","led_SK6812mini-e",323.055200,-108.099500,179.750000,bottom
"KLED82","SK6812mini-e","led_SK6812mini-e",342.105000,-108.182700,179.750000,bottom
"KLED83","SK6812mini-e","led_SK6812mini-e",326.689300,-198.783300,-132.250000,bottom
"KLED84","SK6812mini-e","led_SK6812mini-e",339.497900,-184.682200,-132.250000,bottom
"KLED85","SK6812mini-e","led_SK6812mini-e",355.508600,-167.055700,-132.250000,bottom
"KLED86","SK6812mini-e","led_SK6812mini-e",368.317200,-152.954600,-132.250000,bottom
"KLED87","SK6812mini-e","led_SK6812mini-e",370.679800,-108.307300,179.750000,bottom
"KLED88","SK6812mini-e","led_SK6812mini-e",389.729600,-108.390500,179.750000,bottom
"R1","470R","R_Axial_DIN0207_L6.3mm_D2.5mm_P10.16mm_Horizontal",152.331091,-118.452753,87.250000,bottom
"C2","104","C_Disc_D4.7mm_W2.5mm_P5.00mm",63.284332,-89.060748,180.000000,top
"C3","104","C_Disc_D4.7mm_W2.5mm_P5.00mm",267.522001,-87.879403,-179.750000,top
"DIP1","SN74HC138N","DIP-16_W7.62mm_Socket",56.974332,-92.560748,0.000000,top
"DIP2","SN74HC138N","DIP-16_W7.62mm_Socket",261.227333,-91.406902,0.250000,top
"HOLE1","","MountingHole_2.2mm_M2_Pad_Via",33.269842,-90.938132,0.500000,top
"HOLE2","","MountingHole_2.2mm_M2_Pad_Via",153.262448,-123.553312,-2.750000,top
"HOLE3","","MountingHole_2.2mm_M2_Pad_Via",173.028147,-123.544674,2.750000,top
"HOLE4","","MountingHole_2.2mm_M2_Pad_Via",150.520498,-180.637497,-2.750000,top
"HOLE5","","MountingHole_2.2mm_M2_Pad_Via",175.770097,-180.628859,2.750000,top
"HOLE6","","MountingHole_2.2mm_M2_Pad_Via",397.335175,-89.938475,-0.250000,top
"HOLE7","","MountingHole_2.2mm_M2_Pad_Via",391.740190,-145.383576,23.750000,top
"HOLE8","","MountingHole_2.2mm_M2_Pad_Via",314.676451,-211.958042,23.750000,top
"HOLE9","","MountingHole_2.2mm_M2_Pad_Via",29.219261,-199.752623,0.500000,top
"KSW1","Kailh MX Switch Sockets","MX",41.743784,-199.643323,0.500000,top
"KSW2","Kailh MX Switch Sockets","MX",36.149003,-161.590697,0.500000,top
"KSW3","Kailh MX Switch Sockets","MX",41.078822,-123.446225,0.500000,top
"KSW4","Kailh MX Switch Sockets","MX",60.793059,-199.477083,0.500000,top
"KSW5","Kailh MX Switch Sockets","MX",60.460578,-161.378533,0.500000,top
"KSW6","Kailh MX Switch Sockets","MX",60.128097,-123.279984,0.500000,top
"KSW7","Kailh MX Switch Sockets","MX",79.824880,-197.310918,-0.500000,top
"KSW8","Kailh MX Switch Sockets","MX",80.157361,-159.212369,-0.500000,top
"KSW9","Kailh MX Switch Sockets","MX",80.489842,-121.113820,-0.500000,top
"KSW10","Kailh MX Switch Sockets","MX",98.882881,-196.477197,-1.500000,top
"KSW11","Kailh MX Switch Sockets","MX",99.880223,-158.390253,-1.500000,top
"KSW12","Kailh MX Switch Sockets","MX",100.877565,-120.303309,-1.500000,top
"KSW13","Kailh MX Switch Sockets","MX",119.562075,-159.911788,-2.500000,top
"KSW14","Kailh MX Switch Sockets","MX",121.223974,-121.848051,-2.500000,top
"KSW15","Kailh MX Switch Sockets","MX",135.422868,-198.984269,-2.750000,top
"KSW16","Kailh MX Switch Sockets","MX",138.749107,-161.000113,-2.750000,top
"KSW17","Kailh MX Switch Sockets","MX",140.577074,-122.943990,-2.750000,top
"KSW18","Kailh MX Switch Sockets","MX",190.867728,-198.975632,2.750000,top
"KSW19","Kailh MX Switch Sockets","MX",187.541488,-160.991475,2.750000,top
"KSW20","Kailh MX Switch Sockets","MX",185.713522,-122.935352,2.750000,top
"KSW21","Kailh MX Switch Sockets","MX",206.557556,-159.827780,2.750000,top
"KSW22","Kailh MX Switch Sockets","MX",204.729589,-121.771657,2.750000,top
"KSW23","Kailh MX Switch Sockets","MX",227.365606,-195.971072,1.750000,top
"KSW24","Kailh MX Switch Sockets","MX",226.202088,-157.888842,1.750000,top
"KSW25","Kailh MX Switch Sockets","MX",225.038571,-119.806612,1.750000,top
"KSW26","Kailh MX Switch Sockets","MX",246.437259,-196.388847,0.750000,top
"KSW27","Kailh MX Switch Sockets","MX",245.938546,-158.292111,0.750000,top
"KSW28","Kailh MX Switch Sockets","MX",245.439832,-120.195375,0.750000,top
"KSW29","Kailh MX Switch Sockets","MX",265.511806,-198.139318,-0.250000,top
"KSW30","Kailh MX Switch Sockets","MX",265.678049,-160.039681,-0.250000,top
"KSW31","Kailh MX Switch Sockets","MX",265.844291,-121.940044,-0.250000,top
"KSW32","Kailh MX Switch Sockets","MX",284.561625,-198.222439,-0.250000,top
"KSW33","Kailh MX Switch Sockets","MX",284.727867,-160.122802,-0.250000,top
"KSW34","Kailh MX Switch Sockets","MX",284.894109,-122.023165,-0.250000,top
"KSW35","Kailh MX Switch Sockets","MX",309.140135,-160.229322,-0.250000,top
"KSW36","Kailh MX Switch Sockets","MX",303.943928,-122.106286,-0.250000,top
"KSW37","Kailh MX Switch Sockets","MX",328.356196,-122.212805,-0.250000,top
"KSW38","Kailh MX Switch Sockets","MX",337.118953,-208.256960,47.750000,top
"KSW39","Kailh MX Switch Sockets","MX",349.927541,-194.155805,47.750000,top
"KSW40","Kailh MX Switch Sockets","MX",365.938276,-176.529360,47.750000,top
"KSW41","Kailh MX Switch Sockets","MX",378.746863,-162.428205,47.750000,top
"KSW42","Kailh MX Switch Sockets","MX",370.618293,-122.397210,-0.250000,top
"KSW43","Kailh MX Switch Sockets","MX",389.668112,-122.480331,-0.250000,top
"KSW44","Kailh MX Switch Sockets","MX",36.315244,-180.639972,0.500000,top
"KSW45","Kailh MX Switch Sockets","MX",35.982763,-142.541423,0.500000,top
"KSW46","Kailh MX Switch Sockets","MX",40.912582,-104.396950,0.500000,top
"KSW47","Kailh MX Switch Sockets","MX",60.626818,-180.427808,0.500000,top
"KSW48","Kailh MX Switch Sockets","MX",60.294337,-142.329259,0.500000,top
"KSW49","Kailh MX Switch Sockets","MX",79.991121,-178.261644,-0.500000,top
"KSW50","Kailh MX Switch Sockets","MX",80.323602,-140.163094,-0.500000,top
"KSW51","Kailh MX Switch Sockets","MX",80.656083,-102.064545,-0.500000,top
"KSW52","Kailh MX Switch Sockets","MX",99.381552,-177.433725,-1.500000,top
"KSW53","Kailh MX Switch Sockets","MX",100.378894,-139.346781,-1.500000,top
"KSW54","Kailh MX Switch Sockets","MX",101.376236,-101.259836,-1.500000,top
"KSW55","Kailh MX Switch Sockets","MX",118.731126,-178.943657,-2.500000,top
"KSW56","Kailh MX Switch Sockets","MX",120.393025,-140.879919,-2.500000,top
"KSW57","Kailh MX Switch Sockets","MX",122.054923,-102.816182,-2.500000,top
"KSW58","Kailh MX Switch Sockets","MX",137.835124,-180.028175,-2.750000,top
"KSW59","Kailh MX Switch Sockets","MX",139.663090,-141.972051,-2.750000,top
"KSW60","Kailh MX Switch Sockets","MX",141.491057,-103.915928,-2.750000,top
"KSW61","Kailh MX Switch Sockets","MX",188.455472,-180.019537,2.750000,top
"KSW62","Kailh MX Switch Sockets","MX",186.627505,-141.963414,2.750000,top
"KSW63","Kailh MX Switch Sockets","MX",184.799538,-103.907290,2.750000,top
"KSW64","Kailh MX Switch Sockets","MX",207.471539,-178.855842,2.750000,top
"KSW65","Kailh MX Switch Sockets","MX",205.643572,-140.799718,2.750000,top
"KSW66","Kailh MX Switch Sockets","MX",203.815605,-102.743595,2.750000,top
"KSW67","Kailh MX Switch Sockets","MX",226.783847,-176.929957,1.750000,top
"KSW68","Kailh MX Switch Sockets","MX",225.620330,-138.847727,1.750000,top
"KSW69","Kailh MX Switch Sockets","MX",224.456812,-100.765497,1.750000,top
"KSW70","Kailh MX Switch Sockets","MX",246.187903,-177.340479,0.750000,top
"KSW71","Kailh MX Switch Sockets","MX",245.689189,-139.243743,0.750000,top
"KSW72","Kailh MX Switch Sockets","MX",245.190475,-101.147007,0.750000,top
"KSW73","Kailh MX Switch Sockets","MX",265.594927,-179.089500,-0.250000,top
"KSW74","Kailh MX Switch Sockets","MX",265.761170,-140.989863,-0.250000,top
"KSW75","Kailh MX Switch Sockets","MX",290.007195,-179.196019,-0.250000,top
"KSW76","Kailh MX Switch Sockets","MX",284.810988,-141.072984,-0.250000,top
"KSW77","Kailh MX Switch Sockets","MX",284.977230,-102.973346,-0.250000,top
"KSW78","Kailh MX Switch Sockets","MX",303.860807,-141.156105,-0.250000,top
"KSW79","Kailh MX Switch Sockets","MX",304.027049,-103.056467,-0.250000,top
"KSW80","Kailh MX Switch Sockets","MX",322.910626,-141.239226,-0.250000,top
"KSW81","Kailh MX Switch Sockets","MX",323.076868,-103.139588,-0.250000,top
"KSW82","Kailh MX Switch Sockets","MX",342.126686,-103.222710,-0.250000,top
"KSW83","Kailh MX Switch Sockets","MX",323.017798,-195.448372,47.750000,top
"KSW84","Kailh MX Switch Sockets","MX",335.826386,-181.347217,47.750000,top
"KSW85","Kailh MX Switch Sockets","MX",351.837120,-163.720773,47.750000,top
"KSW86","Kailh MX Switch Sockets","MX",364.645708,-149.619617,47.750000,top
"KSW87","Kailh MX Switch Sockets","MX",370.701414,-103.347391,-0.250000,top
"KSW88","Kailh MX Switch Sockets","MX",389.751233,-103.430512,-0.250000,top
"MCU1","Arduino Pro Micro","Arduino_Pro_Micro",163.145298,-106.661609,0.000000,top
"ROT1","EC11","ec11",163.145298,-170.509825,-90.000000,top
"SCR1","EVQWGD001","evqwgd001",163.145298,-141.967732,0.000000,top
"SW1","6mm button","SW_PUSH_6mm_H4.3mm",180.771837,-87.794476,2.750000,top
